City,Lat,Long,Max Temp,Humidity,Cloudiness,Wind Speed,Country,Date
Khatanga,71.9667,102.5,59.52,59,72,8.48,RU,1659929088
Avera,33.194,-82.5271,77.05,78,96,4.21,US,1659929089
Cherskiy,68.75,161.3,52.03,48,44,5.35,RU,1659929089
New Richmond,45.123,-92.5366,65.1,96,100,8.05,US,1659929090
Calama,-22.4667,-68.9333,45.77,20,0,5.97,CL,1659929090
Jamestown,42.097,-79.2353,78.39,65,0,8.05,US,1659929091
Ṭikāpur,28.5,81.1333,89.62,62,18,3.0,NP,1659929091
Narsaq,60.9167,-46.05,41.22,73,2,4.52,GL,1659929091
Cape Town,-33.9258,18.4232,57.11,91,75,5.75,ZA,1659929001
Lebu,-37.6167,-73.65,45.64,87,88,8.57,CL,1659928863
Xining,36.6167,101.7667,79.81,50,13,2.75,CN,1659928979
East London,-33.0153,27.9116,61.74,100,75,19.57,ZA,1659929093
Constitución,-35.3333,-72.4167,46.62,87,0,8.12,CL,1659929093
Ushuaia,-54.8,-68.3,37.06,65,20,3.44,AR,1659929094
Busselton,-33.65,115.3333,54.54,83,97,18.59,AU,1659929094
Saldanha,-33.0117,17.9442,53.65,86,50,10.11,ZA,1659929094
Marrakesh,31.6315,-8.0083,69.87,68,0,6.91,MA,1659929095
Leningradskiy,69.3833,178.4167,32.88,95,100,19.93,RU,1659929095
Kérouané,9.2667,-9.0167,67.28,98,50,3.49,GN,1659929096
Chokurdakh,70.6333,147.9167,63.14,30,98,17.02,RU,1659929096
Yarke Pole,45.608,34.3172,72.55,54,0,8.01,UA,1659929097
Callaguip,18.0714,120.4867,87.82,74,75,2.3,PH,1659929097
Byron Bay,-28.65,153.6167,65.95,50,0,13.76,AU,1659928809
Bluff,-46.6,168.3333,41.81,56,18,21.47,NZ,1659928825
Uribia,11.7139,-72.266,82.51,66,35,13.69,CO,1659929098
Hilo,19.7297,-155.09,84.27,77,40,5.75,US,1659929099
Atuona,-9.8,-139.0333,77.11,72,18,16.42,PF,1659928848
Yellowknife,62.456,-114.3525,61.32,88,75,3.44,CA,1659928850
Macamic,48.7502,-78.9996,51.21,79,82,4.29,CA,1659929099
Vaini,-21.2,-175.2,80.76,89,20,10.36,TO,1659929100
Maningrida,-12.0667,134.2667,88.57,45,32,12.95,AU,1659929101
Lichuan,30.3,108.85,83.17,59,95,3.33,CN,1659929101
Arman',59.7,150.1667,68.02,59,94,5.95,RU,1659929101
Dwārka,22.2394,68.9678,82.58,86,100,11.61,IN,1659929102
Bethel,41.3712,-73.414,80.96,88,20,0.0,US,1659929103
Castro,-24.7911,-50.0119,56.43,96,100,4.47,BR,1659929103
Kaitangata,-46.2817,169.8464,43.23,57,31,12.73,NZ,1659928877
Rikitea,-23.1203,-134.9692,70.61,74,100,36.62,PF,1659929104
Kapaa,22.0752,-159.319,82.11,76,75,10.36,US,1659928826
Port Hedland,-20.3167,118.5667,78.85,18,40,8.05,AU,1659929105
Laas,46.6166,10.7002,55.36,90,94,3.2,IT,1659929105
Mahébourg,-20.4081,57.7,66.25,94,40,4.61,MU,1659929106
Punta Arenas,-53.15,-70.9167,35.71,87,20,12.66,CL,1659929106
Poum,-20.2333,164.0167,75.13,77,4,16.02,NC,1659929107
Puerto Ayora,-0.7393,-90.3518,67.55,97,46,5.01,EC,1659929107
Blackwater,-23.5833,148.8833,68.02,29,0,8.08,AU,1659928953
Ribeira Grande,38.5167,-28.7,74.34,81,16,15.28,PT,1659928824
Thompson,55.7435,-97.8558,64.56,88,75,3.44,CA,1659928944
Arraial do Cabo,-22.9661,-42.0278,70.32,89,98,4.9,BR,1659929108
Oussouye,12.485,-16.5469,77.09,91,100,3.4,SN,1659929109
Half Moon Bay,37.4636,-122.4286,70.05,78,0,18.41,US,1659929109
Anadyr,64.75,177.4833,50.5,50,75,24.61,RU,1659929109
Bose,45.4612,8.0137,69.21,81,97,4.56,IT,1659929110
Deniliquin,-35.5333,144.9667,58.19,47,1,5.14,AU,1659929110
Gboko,7.3179,8.9951,72.5,93,100,11.01,NG,1659929111
Mataura,-46.1927,168.8643,41.49,66,7,9.66,NZ,1659929111
Puertollano,38.6871,-4.1073,75.07,39,0,3.56,ES,1659929112
Camapuã,-19.5314,-54.0439,72.68,62,100,10.56,BR,1659929112
Manaus,-3.1019,-60.025,82.89,74,0,4.61,BR,1659929113
Dikson,73.5069,80.5464,42.19,100,100,6.67,RU,1659929113
Catacamas,14.8,-85.9,70.74,97,97,3.22,HN,1659929113
Coquimbo,-29.9533,-71.3436,51.53,81,0,3.44,CL,1659928927
Belmonte,-15.8631,-38.8828,71.74,76,6,7.56,BR,1659928986
Biak,-0.9131,122.8766,80.83,74,72,7.0,ID,1659929114
Hobart,-42.8794,147.3294,54.27,71,20,8.05,AU,1659929115
Mandalgovi,45.7625,106.2708,70.12,52,5,14.81,MN,1659929115
Konya Province,38.1667,32.5,67.48,64,27,7.67,TR,1659929115
Ostrovnoy,68.0531,39.5131,52.88,74,95,12.71,RU,1659928876
Nyurba,63.2842,118.3319,64.92,52,98,3.44,RU,1659929116
Tiznit Province,29.5833,-9.5,73.62,40,0,3.69,MA,1659929116
Provideniya,64.3833,-173.3,41.36,60,75,15.99,RU,1659929117
Isangel,-19.55,169.2667,82.51,74,75,6.91,VU,1659928968
Barranca,-10.75,-77.7667,61.03,82,88,8.01,PE,1659929117
High Rock,26.6208,-78.2833,83.71,71,98,12.68,BS,1659929118
Isla Vista,34.4133,-119.861,83.98,62,0,8.05,US,1659929118
Bredasdorp,-34.5322,20.0403,57.24,89,100,3.4,ZA,1659929119
Wārāseonī,21.75,80.0333,82.22,79,88,6.44,IN,1659929120
Sítio Novo do Tocantins,-5.5183,-47.4611,76.48,43,0,3.49,BR,1659929120
Lazarev,52.225,141.5131,62.13,97,100,20.09,RU,1659929121
La Paz,-16.5,-68.15,42.78,81,75,2.3,BO,1659929121
Souillac,-20.5167,57.5167,62.98,94,40,4.61,MU,1659929121
Piaçabuçu,-10.4056,-36.4344,72.7,71,34,7.74,BR,1659929122
Clyde River,70.4692,-68.5914,37.63,93,0,6.91,CA,1659928892
Pastavy,55.1168,26.8326,51.84,88,80,2.98,BY,1659929122
Chāndbāli,20.7833,86.7667,86.07,74,72,14.34,IN,1659929124
Srednekolymsk,67.45,153.6833,71.47,31,72,14.65,RU,1659929124
Mar del Plata,-38.0023,-57.5575,47.08,84,100,9.22,AR,1659928910
Codrington,-38.2667,141.9667,54.77,54,6,2.15,AU,1659929125
Sinazongwe,-17.2614,27.4618,62.26,46,0,3.74,ZM,1659929125
Qaanaaq,77.484,-69.3632,37.58,55,7,7.7,GL,1659929126
Kyabé,9.4515,18.9449,70.11,98,97,4.38,TD,1659929126
Port Alfred,-33.5906,26.891,57.18,99,84,3.0,ZA,1659928849
Adrar,20.5022,-10.0711,95.94,28,54,9.22,MR,1659928938
Puerto Escondido,15.85,-97.0667,77.83,73,100,6.91,MX,1659929127
Saint George,37.1041,-113.5841,96.64,16,0,7.0,US,1659929128
Muros,42.7762,-9.0603,64.69,92,3,4.74,ES,1659929128
Coyhaique,-45.5752,-72.0662,36.21,87,75,3.44,CL,1659929128
Taloda,21.5667,74.2167,76.86,93,100,6.15,IN,1659929129
Aransas Pass,27.9095,-97.15,86.0,82,0,11.5,US,1659929114
Maragogi,-9.0122,-35.2225,75.27,64,73,8.84,BR,1659929093
Cayenne,4.9333,-52.3333,81.09,1,0,0.0,GF,1659929130
Torbay,47.6666,-52.7314,69.58,91,100,21.85,CA,1659928944
Pak Phanang,8.3511,100.202,91.42,64,100,4.52,TH,1659929130
Tautira,-17.7333,-149.15,74.35,75,60,24.81,PF,1659929131
Almeirim,-1.5233,-52.5817,76.51,81,97,3.09,BR,1659929031
Kavieng,-2.5744,150.7967,83.28,74,23,12.28,PG,1659929131
Albany,42.6001,-73.9662,77.67,88,0,3.36,US,1659928951
Tiksi,71.6872,128.8694,49.69,97,100,6.53,RU,1659929132
Alto Araguaia,-17.3147,-53.2153,74.16,41,94,3.51,BR,1659929132
Lompoc,34.6391,-120.4579,67.78,83,0,12.66,US,1659929133
Oranienburg,52.75,13.2333,64.06,70,5,2.68,DE,1659929133
São Miguel do Araguaia,-13.275,-50.1628,80.58,32,72,5.93,BR,1659929133
Saskylakh,71.9167,114.0833,55.13,57,100,9.46,RU,1659928912
Uauá,-9.8414,-39.4817,69.24,81,75,15.17,BR,1659929134
Kudahuvadhoo,2.6708,72.8944,81.63,76,100,10.18,MV,1659928878
Barrow,71.2906,-156.7887,44.62,81,100,18.41,US,1659929135
San Patricio,28.017,-97.5169,85.86,71,97,12.84,US,1659928883
Matamoros,25.5333,-103.25,87.91,29,40,13.8,MX,1659929135
Tasiilaq,65.6145,-37.6368,41.16,99,100,4.83,GL,1659929136
Tuatapere,-46.1333,167.6833,42.53,68,12,12.48,NZ,1659929136
Olinda,-8.0089,-34.8553,76.73,65,40,9.22,BR,1659928938
Cairns,-16.9167,145.7667,83.07,77,75,10.36,AU,1659929117
Sibu,2.3,111.8167,86.31,66,20,5.75,MY,1659929137
Hermanus,-34.4187,19.2345,56.35,83,32,3.91,ZA,1659929137
Macomb,40.4592,-90.6718,81.84,85,0,5.75,US,1659928899
Satipo,-11.2522,-74.6386,66.96,97,12,2.53,PE,1659929138
Husavik,66.0449,-17.3389,49.03,83,22,9.48,IS,1659928850
Alihe,50.5667,123.7167,72.61,28,16,14.29,CN,1659929139
Katsuura,35.1333,140.3,84.58,76,36,18.52,JP,1659929023
Zaykovo,57.5613,62.7568,70.75,71,77,2.75,RU,1659929139
Mahanje,-9.9333,35.3333,52.5,77,8,2.26,TZ,1659929140
Kieta,-6.2167,155.6333,82.72,77,56,4.61,PG,1659929140
Chui,-33.6971,-53.4616,47.07,89,6,7.09,UY,1659929141
Mount Gambier,-37.8333,140.7667,53.29,65,97,4.99,AU,1659929141
Tuktoyaktuk,69.4541,-133.0374,51.8,76,40,10.36,CA,1659929142
Pampa,35.5362,-100.9599,86.95,57,0,6.91,US,1659929142
Slave Lake,55.2834,-114.769,69.78,56,0,6.91,CA,1659929142
Carnarvon,-24.8667,113.6333,67.57,60,0,9.98,AU,1659929143
Üllő,47.3877,19.3553,69.57,82,75,4.61,HU,1659929143
Cocobeach,1.0002,9.5823,74.7,86,100,9.95,GA,1659929144
Ubari,26.5921,12.7805,81.01,23,0,8.88,LY,1659929145
Paita,-5.0892,-81.1144,63.68,82,2,14.5,PE,1659929145
Hithadhoo,-0.6,73.0833,81.34,69,100,1.68,MV,1659929145
Leh,34.1667,77.5833,65.07,55,96,5.61,IN,1659929146
Port-Cartier,50.0334,-66.8654,60.48,56,24,10.69,CA,1659929146
Ucluelet,48.9329,-125.5528,65.03,78,0,6.64,CA,1659928878
Valparaíso,-33.0393,-71.6273,51.48,93,0,3.44,CL,1659928868
Teluk Nibung,3.001,99.8164,84.02,70,93,2.01,ID,1659929147
Sitka,57.0531,-135.33,57.09,82,100,0.0,US,1659929148
Port Elizabeth,-33.918,25.5701,59.09,99,20,11.5,ZA,1659928867
Esperance,-33.8667,121.9,60.51,68,19,17.11,AU,1659929148
Parbatipur,25.6649,88.9247,83.57,79,100,10.71,BD,1659929149
Boden,65.8252,21.6886,48.2,81,91,3.49,SE,1659929149
Juradó,7.1053,-77.7641,76.42,90,100,1.48,CO,1659929150
Talnakh,69.4865,88.3972,58.21,97,100,4.7,RU,1659929150
Kruisfontein,-34.0033,24.7314,56.88,93,100,14.41,ZA,1659928897
Jalu,29.0331,21.5482,77.54,69,0,10.04,LY,1659929151
Westport,41.1415,-73.3579,83.12,86,0,9.22,US,1659929151
Midland,31.9974,-102.0779,88.48,33,0,10.36,US,1659928891
Saint Paul Harbor,57.79,-152.4072,65.71,52,0,6.91,US,1659929152
Binga,-17.6203,27.3414,58.69,47,0,0.85,ZW,1659929152
Gravdal,68.1214,13.5031,51.39,85,99,4.38,NO,1659929152
Miles City,46.4083,-105.8406,74.37,40,0,5.75,US,1659929153
Caravelas,-17.7125,-39.2481,73.06,77,5,9.98,BR,1659929153
Tignère,7.3667,12.65,62.94,93,100,1.61,CM,1659929154
Tonj,7.2737,28.6822,69.96,96,100,4.23,SS,1659929154
New Norfolk,-42.7826,147.0587,53.92,44,2,2.15,AU,1659929155
Galesong,-5.3166,119.3661,86.02,65,39,11.43,ID,1659929155
Ponta do Sol,32.6667,-17.1,72.01,83,0,3.91,PT,1659929156
Voss,60.623,6.4229,54.54,98,100,2.59,NO,1659929156
Gatesville,31.4352,-97.7439,90.36,51,0,16.87,US,1659928994
Scottsbluff,41.8666,-103.6672,72.72,63,0,5.75,US,1659929157
Lorengau,-2.0226,147.2712,84.81,70,92,10.2,PG,1659928968
Launceston,-41.45,147.1667,56.61,61,7,3.44,AU,1659929157
Iquique,-20.2208,-70.1431,59.04,81,42,1.86,CL,1659929158
Saint-Philippe,-21.3585,55.7679,67.59,80,0,4.81,RE,1659928929
Avarua,-21.2078,-159.775,73.45,73,40,14.97,CK,1659929158
Batagay-Alyta,67.8006,130.4114,67.66,53,9,4.23,RU,1659929159
Horodnytsya,50.807,27.3168,54.77,92,91,4.56,UA,1659929159
Pagudpud,18.5616,120.7868,86.29,71,100,8.77,PH,1659929160
Klaksvík,62.2266,-6.589,54.52,99,100,11.21,FO,1659928929
Jiblah,13.9216,44.1467,64.18,76,90,3.71,YE,1659929160
Gaza,31.5,34.4667,77.56,70,0,0.96,PS,1659929161
Mana,5.6592,-53.7767,78.4,87,94,6.42,GF,1659929161
Haines Junction,60.7522,-137.5108,58.95,47,86,12.66,CA,1659929162
Labuhan,-6.8844,112.2051,84.72,61,14,3.62,ID,1659929072
Bengkulu,-3.8004,102.2655,83.5,66,10,5.53,ID,1659928894
Geraldton,-28.7667,114.6,64.81,72,40,11.5,AU,1659928942
Bukama,-9.2,25.85,66.67,39,77,3.24,CD,1659929163
Sur,22.5667,59.5289,90.14,53,49,3.24,OM,1659929163
Cotonou,6.3654,2.4183,75.18,88,20,9.22,BJ,1659929164
Ulladulla,-35.35,150.4667,57.45,55,13,10.04,AU,1659929164
Dogondoutchi,13.6393,4.0287,82.26,69,87,9.13,NE,1659929165
Nandu,22.8525,110.8233,89.49,62,15,7.14,CN,1659929165
Avdeyevka,48.1399,37.7426,72.72,32,1,4.72,UA,1659929166
Khuldābād,20.05,75.1833,70.72,92,100,10.47,IN,1659929166
Ambon City,-3.6954,128.1814,84.34,79,20,4.61,ID,1659929167
Khāsh,28.2211,61.2158,82.42,16,0,1.61,IR,1659929167
Darnah,32.767,22.6367,79.25,77,0,17.11,LY,1659928987
Flagstaff,35.1981,-111.6513,67.66,74,75,3.44,US,1659929168
Biržai,56.2,24.75,51.75,89,91,4.47,LT,1659929168
Huangmei,30.1924,116.025,88.3,66,67,7.25,CN,1659929169
Faya,18.3851,42.4509,64.51,76,21,3.94,SA,1659929169
Lüderitz,-26.6481,15.1594,55.58,71,2,8.08,NA,1659929170
Boyuibe,-20.4167,-63.2833,61.18,82,100,2.42,BO,1659929170
Lata,40.1629,-8.3327,59.63,89,0,1.88,PT,1659929170
Iqaluit,63.7506,-68.5145,41.7,86,75,3.44,CA,1659929171
Sabha,27.0377,14.4283,80.92,26,0,11.1,LY,1659929171
Egvekinot,66.3167,-179.1667,42.46,42,100,10.16,RU,1659928911
Karpathos,35.507,27.2132,75.16,88,1,17.27,GR,1659929172
Saint-Joseph,-21.3667,55.6167,66.58,80,2,5.95,RE,1659929172
Pailitas,8.9565,-73.6255,75.85,94,100,3.53,CO,1659929173
Lavrentiya,65.5833,-171.0,39.0,75,100,14.03,RU,1659928919
Sherghāti,24.5667,84.7833,85.62,59,15,15.52,IN,1659929173
Changtu,42.7788,124.0955,73.94,64,13,10.25,CN,1659929174
Nikolskoye,59.7035,30.7861,58.8,80,100,4.05,RU,1659929174
Troitskoye,52.9821,84.6757,73.13,43,12,5.57,RU,1659929175
Miguel Hidalgo,19.4225,-99.2028,60.21,86,75,5.75,MX,1659929175
Angoche,-16.2325,39.9086,68.16,76,0,6.13,MZ,1659928880
Butaritari,3.0707,172.7902,81.79,74,96,12.88,KI,1659929176
Kobryn,52.2138,24.3564,53.04,86,21,4.05,BY,1659929176
Tulum,20.2167,-87.4667,78.08,91,100,4.52,MX,1659929176
Sakakah,29.9697,40.2064,92.77,24,36,6.87,SA,1659929177
Paamiut,61.994,-49.6678,43.81,86,13,11.88,GL,1659929177
George Town,5.4112,100.3354,89.55,66,20,10.36,MY,1659929044
Arlit,18.7369,7.3853,91.08,36,96,9.73,NE,1659928909
Amboasary,-25.0333,46.3833,62.96,90,3,5.99,MG,1659929178
Pevek,69.7008,170.3133,32.83,89,100,15.14,RU,1659928887
Upernavik,72.7868,-56.1549,41.61,83,100,4.81,GL,1659929179
Cabo San Lucas,22.8909,-109.9124,85.51,75,84,5.23,MX,1659929179
Guerrero Negro,27.9769,-114.0611,75.24,78,49,10.98,MX,1659929180
Atagay,55.1033,99.3875,70.29,46,1,1.57,RU,1659929180
Gillette,44.2911,-105.5022,68.95,46,0,0.0,US,1659928928
São Filipe,14.8961,-24.4956,79.16,85,89,4.74,CV,1659928921
Formosa,-26.1775,-58.1781,57.18,94,100,4.61,AR,1659929181
Morondava,-20.2833,44.2833,67.03,76,0,6.06,MG,1659929181
Tilichiki,60.4667,166.1,66.38,55,96,5.88,RU,1659928966
San Cristobal,7.7669,-72.225,73.58,97,95,2.57,VE,1659929182
São Sebastião,-23.76,-45.4097,68.07,94,100,1.9,BR,1659929033
Severo-Kuril'sk,50.6789,156.125,59.29,87,43,2.39,RU,1659929039
Yatou,37.15,122.3833,81.9,91,100,6.4,CN,1659929183
Harnoli,32.2792,71.5539,91.47,58,99,10.71,PK,1659929183
Apastovo,55.2029,48.5109,70.23,62,82,2.44,RU,1659929184
Kenai,60.5544,-151.2583,57.02,76,75,21.85,US,1659929184
Adlay,9.4097,125.8975,86.94,65,93,7.47,PH,1659929184
Batemans Bay,-35.7167,150.1833,57.09,52,13,8.19,AU,1659929185
Saint-Michel-des-Saints,46.6834,-73.9159,57.29,94,100,3.56,CA,1659929185
Shenkursk,62.1091,42.896,54.7,87,100,3.13,RU,1659929186
Soloneshnoye,51.6544,84.3197,71.19,51,62,1.99,RU,1659929186
Beeville,28.4008,-97.7483,82.98,74,0,5.75,US,1659928936
Cidreira,-30.1811,-50.2056,58.46,96,100,14.7,BR,1659929187
Jaranwala,31.3333,73.4333,85.53,66,70,10.78,PK,1659929187
Bambous Virieux,-20.3428,57.7575,66.22,94,40,4.61,MU,1659929187
Dawlatabad,36.4141,64.9053,84.34,23,0,4.03,AF,1659929188
Padang,-0.9492,100.3543,84.25,68,12,3.11,ID,1659929188
Norman Wells,65.282,-126.8329,59.04,82,75,16.11,CA,1659929189
Kamaishi,39.2667,141.8833,82.78,74,100,11.18,JP,1659929189
Port Macquarie,-31.4333,152.9167,63.9,70,27,15.17,AU,1659929190
Uyemskiy,64.4743,40.8524,57.25,82,20,4.47,RU,1659929190
Ancud,-41.8697,-73.8203,39.51,88,5,3.8,CL,1659929190
Bowen,-20.0167,148.2333,71.85,53,1,13.56,AU,1659929191
Saddiqabad,28.3062,70.1307,97.09,43,77,7.87,PK,1659929191
Bocana de Paiwas,12.7857,-85.1227,72.93,97,100,8.01,NI,1659929192
Xiantao,30.3833,113.4,93.47,56,45,14.52,CN,1659929192
Kibala,9.1104,18.3463,71.55,100,40,4.61,TD,1659929193
Safi,32.2994,-9.2372,67.98,87,0,9.82,MA,1659929193
Río Gallegos,-51.6226,-69.2181,37.45,81,100,17.27,AR,1659929177
Henties Bay,-22.116,14.2845,53.8,90,72,5.75,NA,1659929194
Dunedin,-45.8742,170.5036,41.81,60,84,10.0,NZ,1659929194
Port-Gentil,-0.7193,8.7815,73.26,80,98,12.91,GA,1659929194
Morro Bay,35.3658,-120.8499,74.93,81,7,1.99,US,1659928928
Kenora,49.8167,-94.4337,61.77,63,75,8.05,CA,1659929157
Vila,42.0304,-8.1588,57.7,88,1,2.19,PT,1659929195
Honiara,-9.4333,159.95,82.38,79,100,2.93,SB,1659929196
Nahrin,36.0649,69.1334,80.26,21,0,0.22,AF,1659929196
Yelanskiy,56.8419,62.5014,70.63,72,90,3.56,RU,1659929196
Curitibanos,-27.2828,-50.5844,51.96,99,100,1.68,BR,1659929197
Ozinki,51.1786,49.6769,73.02,44,5,7.7,RU,1659929197
Faanui,-16.4833,-151.75,76.51,69,79,25.32,PF,1659928995
Saint-Pierre,-21.3393,55.4781,68.92,69,75,5.75,RE,1659929198
Vila Franca do Campo,37.7167,-25.4333,72.01,86,86,4.81,PT,1659929068
Pisco,-13.7,-76.2167,59.02,82,6,5.75,PE,1659929198
Cukai,4.25,103.4167,85.95,73,100,7.02,MY,1659929199
Airai,-8.9266,125.4092,74.17,44,37,5.88,TL,1659929199
Jiquilisco,13.3167,-88.5833,76.41,93,100,3.87,SV,1659929200
Hamilton,39.1834,-84.5333,78.89,86,20,10.36,US,1659928989
Yaan,7.3833,8.5667,71.33,97,100,6.98,NG,1659929201
Flin Flon,54.7682,-101.865,64.35,75,65,8.25,CA,1659929201
Alofi,-19.0595,-169.9187,78.69,78,1,11.5,NU,1659929063
Forsytheganj,52.6333,29.7333,53.01,96,3,5.77,BY,1659929202
São João da Barra,-21.6403,-41.0511,72.16,90,67,9.19,BR,1659928959
Dalvik,65.9702,-18.5286,51.73,81,24,12.39,IS,1659929202
San Francisco,37.7749,-122.4194,70.52,80,20,18.41,US,1659928832
Aklavik,68.2191,-135.0107,57.63,61,76,6.78,CA,1659929203
Port Blair,11.6667,92.75,84.24,79,75,14.97,IN,1659929203
Mayumba,-3.432,10.6554,66.97,91,69,2.62,GA,1659929204
Ilulissat,69.2167,-51.1,42.82,93,100,3.44,GL,1659929204
Luján,-34.5703,-59.105,47.95,90,39,10.36,AR,1659929204
Barra Patuca,15.8,-84.2833,79.56,87,100,9.55,HN,1659929205
Santa Maria,-29.6842,-53.8069,56.5,82,100,8.05,BR,1659929205
Zhigansk,66.7697,123.3711,58.19,69,68,14.25,RU,1659928956
Orahovac,42.3994,20.6547,69.66,86,11,2.42,XK,1659929206
Novopokrovka,49.8425,36.5477,67.84,44,65,4.18,UA,1659929206
Brits,-25.6347,27.7802,61.72,43,13,1.36,ZA,1659929207
Tres Palos,18.1833,-101.6167,72.86,97,97,2.33,MX,1659929207
Kāmāreddi,18.3167,78.35,72.19,97,100,11.54,IN,1659929208
Lewiston,44.1003,-70.2148,77.9,95,19,2.82,US,1659929122
Waipawa,-41.4122,175.5153,45.36,92,100,20.78,NZ,1659928988
Mayor Pablo Lagerenza,-19.9309,-60.7718,70.45,75,100,6.02,PY,1659929208
Coahuayana Viejo,18.7333,-103.6833,78.49,86,80,1.52,MX,1659929209
Belaya Gora,68.5333,146.4167,70.25,40,47,9.42,RU,1659929209
Berck,50.4,1.6,56.52,82,0,2.3,FR,1659929210
Lakes Entrance,-37.8811,147.981,57.16,63,21,4.7,AU,1659929210
Narasannapeta,18.4167,84.05,81.55,79,98,6.89,IN,1659929211
Maniitsoq,65.4167,-52.9,40.48,93,100,6.13,GL,1659928930
Talcahuano,-36.7167,-73.1167,47.88,93,100,2.3,CL,1659929211
Pāsighāt,28.0667,95.3333,91.33,64,32,3.13,IN,1659929212
Bathsheba,13.2167,-59.5167,81.21,97,75,19.57,BB,1659929212
Sterling,39.0062,-77.4286,82.92,82,0,8.05,US,1659929081
Mackenzie,55.2999,-123.1698,71.82,35,0,11.5,CA,1659929145
Nacala,-14.5428,40.6728,63.88,94,1,6.85,MZ,1659929213
Hasaki,35.7333,140.8333,95.29,77,36,21.92,JP,1659928990
Ouagadougou,12.3642,-1.5383,80.73,78,20,6.91,BF,1659929213
Seddon,-37.8068,144.8916,60.67,56,20,5.75,AU,1659929214
San Lazaro,18.0387,-88.6622,75.36,95,100,2.64,BZ,1659929214
Panama City,8.9936,-79.5197,80.55,91,40,3.44,PA,1659929003
Røros,62.5747,11.3842,33.64,100,100,0.0,NO,1659929215
Omboué,-1.5746,9.2618,70.97,79,99,6.91,GA,1659929215
Kushmurun,52.4503,64.6311,67.26,67,100,12.73,KZ,1659929216
Vágur,61.4732,-6.8119,52.36,99,100,17.6,FO,1659929216
Verkhnevilyuysk,63.4453,120.3167,58.96,81,100,4.5,RU,1659929216
Sørland,67.667,12.6934,52.41,83,100,9.17,NO,1659929217
Taoudenni,22.6783,-3.9836,97.39,12,1,10.07,ML,1659929217
Kryvyi Rih,47.9167,33.35,69.39,50,0,7.81,UA,1659929218
Meulaboh,4.1363,96.1285,82.04,73,93,3.69,ID,1659929218
Palu,-0.8917,119.8707,84.31,77,81,2.46,ID,1659929218
Semey,50.4111,80.2275,73.62,43,0,6.71,KZ,1659929219
Uvat,59.1433,68.8953,69.08,61,100,3.47,RU,1659929220
Tazovsky,67.4667,78.7,65.98,76,15,7.72,RU,1659929220
Fasa,28.9383,53.6482,72.64,49,0,4.61,IR,1659929220
Fomboni,-12.28,43.7425,75.58,72,5,14.07,KM,1659929221
Belen,36.4891,36.2233,73.54,69,20,18.41,TR,1659929221
Măneciu-Ungureni,45.3167,25.9833,60.93,65,53,4.83,RO,1659929222
Qūchān,37.106,58.5095,73.02,36,0,5.44,IR,1659929223
Vardø,70.3705,31.1107,49.98,81,75,12.66,NO,1659929223
Durusu,41.3053,28.6767,78.84,84,0,20.0,TR,1659929224
Grindavik,63.8424,-22.4338,49.95,93,75,18.41,IS,1659929224
Canutama,-6.5339,-64.3831,76.1,76,96,2.51,BR,1659929224
Tsiroanomandidy,-18.7667,46.0333,53.15,82,0,2.1,MG,1659929225
Puerto Triunfo,5.8726,-74.6403,74.48,92,66,0.63,CO,1659929226
Palmer,42.1584,-72.3287,78.85,83,20,10.36,US,1659929227
Majene,-3.5403,118.9707,82.06,73,95,6.51,ID,1659929227
Chilca,-12.5211,-76.7372,60.42,85,93,6.67,PE,1659929227
Apatzingán,19.0833,-102.35,77.97,73,86,3.09,MX,1659929228
Nova Olímpia,-14.7972,-57.2881,71.89,83,97,2.17,BR,1659929228
São Félix do Xingu,-6.6447,-51.995,78.67,58,46,1.05,BR,1659929159
Aberdeen,57.1437,-2.0981,58.53,86,100,2.3,GB,1659929060
Kayes,14.0,-11.0,77.25,85,4,3.65,ML,1659929229
Härnösand,62.6323,17.9379,44.62,70,78,5.53,SE,1659929230
Ukiah,39.1502,-123.2078,76.64,61,0,5.75,US,1659929230
Aitape,-3.1374,142.3475,84.52,73,55,8.01,PG,1659929231
Champerico,14.3,-91.9167,80.96,79,97,10.13,GT,1659929231
Westfield,42.1251,-72.7495,79.68,87,20,10.36,US,1659929023
Moussoro,13.6408,16.4901,79.39,68,80,12.33,TD,1659929232
Kroya,-7.6331,109.2461,80.78,71,74,10.2,ID,1659929232
Camargo,27.6667,-105.1667,81.68,37,66,16.64,MX,1659929233
Tevaitoa,-16.7833,-151.5,76.26,70,56,25.77,PF,1659929233
Itaituba,-4.2761,-55.9836,79.88,61,73,1.74,BR,1659929234
Beloha,-25.1667,45.05,61.09,95,11,7.99,MG,1659929234
Fukuechō,32.6881,128.8419,88.16,79,75,10.36,JP,1659929235
Nanortalik,60.1432,-45.2371,44.46,79,26,4.81,GL,1659928951
Olkhovka,53.2115,60.6069,67.12,76,99,9.33,RU,1659929235
Mitsamiouli,-11.3847,43.2844,71.89,73,20,9.22,KM,1659929236
Vao,-22.6667,167.4833,71.87,84,5,15.59,NC,1659929236
Capreol,46.706,-80.9225,57.67,88,100,12.66,CA,1659929236
Hong Kong,22.2855,114.1577,85.96,90,55,3.0,HK,1659929237
Cabedelo,-6.9811,-34.8339,70.47,76,1,12.26,BR,1659929237
Nara,34.6851,135.8049,94.96,37,52,3.76,JP,1659929227
Fort Nelson,58.8053,-122.7002,62.19,72,75,5.75,CA,1659929238
Shigony,53.3875,48.6777,69.8,59,47,4.47,RU,1659929238
Vung Tau,10.346,107.0843,79.75,80,100,13.91,VN,1659929239
Monteagudo,-19.8167,-63.9833,56.53,90,80,2.33,BO,1659929239
Shilka,51.85,116.0333,67.55,42,0,13.18,RU,1659929240
Alice Springs,-23.7,133.8833,70.21,21,2,11.5,AU,1659929177
Marsá Maţrūḩ,31.3525,27.2453,75.76,80,0,9.55,EG,1659929240
Verāval,20.9,70.3667,82.36,85,100,8.68,IN,1659929241
Kaposmérő,46.3617,17.704,63.9,57,98,7.07,HU,1659929241
Te Anau,-45.4167,167.7167,38.77,81,50,6.29,NZ,1659929242
Rheine,52.2833,7.45,57.09,93,24,5.03,DE,1659929243
Buchanan,5.8808,-10.0467,73.96,83,72,7.56,LR,1659929243
Jishou,28.3167,109.7167,92.61,53,91,6.17,CN,1659929244
Gizo Government Station,-8.103,156.8419,82.67,71,94,0.94,SB,1659929244
Porto Santo,33.072,-16.3415,70.18,73,40,10.36,PT,1659929245
Tongchuanshi,35.0806,109.0897,91.96,50,74,7.99,CN,1659929245
Mehamn,71.0357,27.8492,49.95,87,75,14.97,NO,1659929246
Laguna,38.421,-121.4238,85.32,53,0,14.97,US,1659929246
Dingle,10.9995,122.6711,84.27,74,95,5.1,PH,1659929015
Lethem,3.3803,-59.7968,77.67,75,63,6.2,GY,1659929247
Basco,20.4487,121.9702,84.83,75,100,17.47,PH,1659929247
Fairbanks,64.8378,-147.7164,59.59,69,100,5.75,US,1659929248
Sola,-13.8833,167.55,84.87,74,75,4.61,VU,1659929248
Tshikapa,-6.4167,20.8,70.84,33,98,2.51,CD,1659929000
Los Llanos de Aridane,28.6585,-17.9182,65.95,83,75,13.8,ES,1659929249
Krosno,49.6887,21.7706,58.05,100,57,3.67,PL,1659929249
Liverpool,53.4106,-2.9779,58.28,88,24,1.14,GB,1659929222
Thinadhoo,0.5333,72.9333,82.0,73,100,6.89,MV,1659929250
Kralendijk,12.15,-68.2667,82.38,78,50,10.36,BQ,1659929225
Show Low,34.2542,-110.0298,62.15,93,20,4.61,US,1659929250
Rancho Palos Verdes,33.7445,-118.387,83.53,66,20,9.22,US,1659929251
Hereford,52.0568,-2.7148,57.61,89,7,3.85,GB,1659929251
Cap Malheureux,-19.9842,57.6142,66.47,78,2,3.0,MU,1659929252
Arrondissement du Havre,49.5833,0.3333,59.4,88,0,5.75,FR,1659929252
Hualmay,-11.0964,-77.6139,61.3,85,49,9.24,PE,1659929252
Changping,40.2186,116.2197,82.04,66,100,4.94,CN,1659929253
Dauriya,49.9333,116.8667,65.97,40,0,17.67,RU,1659929253
Khandyga,62.6667,135.6,60.96,76,100,1.72,RU,1659929254
Cockburn Town,21.4612,-71.1419,81.95,88,100,21.79,TC,1659929254
Tamási,46.6333,18.2833,68.68,52,95,6.08,HU,1659929255
San Fernando del Valle de Catamarca,-28.4696,-65.7852,44.78,98,91,1.99,AR,1659929255
Lagoa,39.05,-27.9833,73.35,82,19,16.98,PT,1659929256
Shache,38.4167,77.2406,74.71,47,100,6.87,CN,1659928999
Assiniboia,49.6334,-105.9845,67.82,45,5,5.75,CA,1659929256
Asău,46.4333,26.4,63.52,96,13,2.86,RO,1659929257
Kalmunai,7.4167,81.8167,81.55,63,100,6.82,LK,1659929257
Vila Velha,-20.3297,-40.2925,75.15,89,20,6.91,BR,1659929258
Banjar,-8.19,114.9675,87.75,54,8,2.28,ID,1659929258
Andenes,69.3143,16.1194,49.98,81,75,11.5,NO,1659929259
Prado,-17.3411,-39.2208,72.52,79,7,11.21,BR,1659929259
Aleksandrovskoye,44.7142,43.0008,66.29,75,7,4.05,RU,1659929259
Hohhot,40.8106,111.6522,73.69,68,75,2.24,CN,1659929255
Sosnovka,56.255,51.2842,68.59,73,63,1.57,RU,1659929260
Salalah,17.0151,54.0924,75.29,100,100,8.05,OM,1659929261
Acapulco de Juárez,16.8634,-99.8901,84.02,74,75,6.91,MX,1659928978
Vaitape,-16.5167,-151.75,76.46,69,81,25.34,PF,1659929173
Bonfim,3.0833,-59.95,78.35,73,32,4.7,BR,1659929261
Caála,-12.8525,15.5606,52.84,37,0,3.02,AO,1659929262
Radishchevo,52.85,47.8833,69.75,59,1,3.96,RU,1659929262
Mezen',65.8522,44.24,57.36,74,72,8.34,RU,1659929263
Yulara,-25.2406,130.9889,68.27,22,5,16.2,AU,1659929263
Heraclea,37.5133,34.0467,69.62,59,0,3.29,TR,1659929264
Beringovskiy,63.05,179.3167,49.32,50,63,16.22,RU,1659929264
Jablah,35.3614,35.9256,75.49,73,40,8.05,SY,1659929264
Kiryat Gat,31.61,34.7642,78.4,73,0,1.3,IL,1659928975
Raudeberg,61.9875,5.1352,53.96,62,100,15.97,NO,1659929265
San Quintín,30.4833,-115.95,73.45,83,40,4.97,MX,1659929265
Keningau,5.3378,116.1602,88.39,53,43,2.01,MY,1659929266
Naze,28.3667,129.4833,86.92,69,2,4.88,JP,1659929266
Tianpeng,30.9866,103.9393,90.07,67,100,1.68,CN,1659929267
Rochester,43.1548,-77.6156,81.63,82,75,4.61,US,1659928866
Saint-Augustin,51.226,-58.6502,58.42,61,10,16.8,CA,1659929267
Hongjiang,27.11,109.9956,92.32,51,36,6.06,CN,1659929268
Lodja,-3.4833,23.4333,69.93,70,6,0.6,CD,1659929268
Puerto Nariño,-3.7703,-70.3831,73.76,93,80,1.86,CO,1659929269
Cascais,38.6979,-9.4215,65.93,71,4,3.0,PT,1659929269
Acajutla,13.5928,-89.8275,76.19,94,99,3.51,SV,1659929269
Khuzdar,27.7384,66.6434,80.29,67,54,1.52,PK,1659929050
Bernal,-5.45,-80.75,64.02,77,0,14.81,PE,1659929270
Shīeli,44.1667,66.75,81.43,28,23,7.31,KZ,1659929270
Turukhansk,65.8167,87.9833,61.61,63,100,6.15,RU,1659929271
Port Hardy,50.6996,-127.4199,64.58,82,20,9.22,CA,1659929271
Juneau,58.3019,-134.4197,58.21,94,75,5.75,US,1659929095
Ambovombe,-25.1667,46.0833,65.28,83,9,10.45,MG,1659929272
La Ronge,55.1001,-105.2842,70.05,64,75,2.3,CA,1659929272
Serafimovskiy,54.4241,53.7964,67.86,66,84,2.84,RU,1659929273
Alugan,12.2188,125.4808,83.84,69,79,3.0,PH,1659929273
Arrondissement de Beauvais,49.4167,2.0,57.45,76,0,10.36,FR,1659929273
Guantánamo,20.1444,-75.2092,83.77,83,1,5.55,CU,1659929274
Trelew,-43.249,-65.3051,41.92,88,100,2.57,AR,1659929274
Muriwai Beach,-36.8167,174.45,57.76,92,8,3.58,NZ,1659929237
Ahipara,-35.1667,173.1667,59.85,78,3,8.61,NZ,1659928988
Krasnaya Gora,52.9995,31.6023,55.78,96,73,7.23,RU,1659929275
Kul'dur,49.2167,131.6333,72.34,42,0,12.48,RU,1659929275
Pervomayskiy,53.2485,40.2871,70.79,47,100,0.74,RU,1659929276
Masterton,-40.9597,175.6575,53.89,97,100,10.29,NZ,1659929126
Sioux Lookout,50.1001,-91.917,57.27,82,75,0.0,CA,1659929276
Akdepe,42.0551,59.3788,73.49,32,5,7.67,TM,1659929277
Waltershausen,50.9,10.5667,54.84,59,4,2.13,DE,1659929277
Shimoda,34.6667,138.95,87.1,73,20,12.39,JP,1659929278
Lázaro Cárdenas,17.9583,-102.2,80.56,79,89,5.5,MX,1659929278
Huaiyuan,32.973,117.1995,97.23,51,97,8.3,CN,1659929278
Osorno,-40.5667,-73.15,41.31,93,100,0.0,CL,1659929279
Arequipa,-16.3989,-71.535,51.87,32,0,4.61,PE,1659929146
Örnsköldsvik,63.2909,18.7153,43.75,100,88,4.61,SE,1659929280
Tank,32.2217,70.3793,94.32,49,21,5.03,PK,1659929280
Daryāpur,20.9333,77.3333,79.68,85,100,12.68,IN,1659929280
Freeport,40.6576,-73.5832,85.3,72,0,16.11,US,1659929281
La Romana,18.4273,-68.9728,79.16,94,40,5.75,DO,1659929011
Collie,-33.3667,116.15,51.33,95,58,14.67,AU,1659929281
Båtsfjord,70.6345,29.7185,48.13,93,100,14.97,NO,1659929282
Kurchum,48.5722,83.6542,76.73,28,15,3.44,KZ,1659929282
Kiama,-34.6833,150.8667,63.25,55,45,15.7,AU,1659929283
Bonthe,7.5264,-12.505,75.85,87,80,7.74,SL,1659929283
Manta,-0.95,-80.7333,69.58,88,100,10.36,EC,1659929284
Merano,46.6682,11.1595,62.01,87,94,4.68,IT,1659929284
Papetoai,-17.4961,-149.8729,80.19,72,16,27.38,PF,1659929285
Necochea,-38.5473,-58.7368,39.27,85,11,6.71,AR,1659929286
Vostok,46.4856,135.8833,68.72,95,99,5.19,RU,1659929286
Pyskowice,50.4,18.6333,57.38,69,100,1.01,PL,1659929286
Itarema,-2.9248,-39.9167,77.34,83,6,16.13,BR,1659929287
Dassel,51.8032,9.6884,54.66,72,0,1.16,DE,1659929287
Porto Nacional,-10.7081,-48.4172,73.4,38,93,1.21,BR,1659929096
Fortuna,40.5982,-124.1573,65.91,80,0,8.05,US,1659929288
Samfya,-11.3649,29.5565,56.97,58,0,7.65,ZM,1659929289
Colwyn Bay,53.2948,-3.7267,58.75,3,16,1.99,GB,1659929289
Tabou,4.423,-7.3528,72.46,83,31,8.5,CI,1659929017
Alyangula,-13.8483,136.4192,80.65,56,0,16.44,AU,1659929290
Kabanjahe,3.1001,98.4908,74.23,54,94,4.07,ID,1659929290
Cap-aux-Meules,47.3821,-61.8597,69.82,73,100,20.71,CA,1659929291
Columbus,39.9612,-82.9988,77.68,91,40,5.75,US,1659929020
Solwezi,-12.1688,26.3894,53.33,58,10,4.21,ZM,1659929292
Chiredzi,-21.05,31.6667,57.51,48,0,4.21,ZW,1659929079
Nāgar Karnūl,16.4821,78.3247,72.63,94,100,14.88,IN,1659929293
Riyadh,24.6877,46.7219,89.74,26,5,3.49,SA,1659929293
Margate,51.3813,1.3862,59.31,87,11,1.9,GB,1659929293
Nioro,13.35,-15.75,73.15,96,97,4.36,GM,1659929294
Panguna,-6.3164,155.4848,76.3,82,58,0.45,PG,1659929294
Gainesville,29.6516,-82.3248,77.95,87,0,3.44,US,1659928646
Nemuro,43.3236,145.575,66.49,98,100,16.42,JP,1659929295
Aksarka,66.5606,67.7975,76.75,49,0,9.66,RU,1659929295
Kahului,20.8947,-156.47,89.62,59,20,19.57,US,1659929198
Sirte,31.2089,16.5887,78.96,71,0,2.44,LY,1659929296
Zhuhai,22.2769,113.5678,91.11,84,40,12.66,CN,1659929297
Copiapó,-27.3667,-70.3333,46.09,55,100,1.81,CL,1659929297
Americus,32.0724,-84.2327,78.93,83,75,0.0,US,1659929298
Duma,34.7653,108.135,89.67,47,100,8.41,CN,1659929298
Chupaca,-12.0667,-75.2833,52.93,72,100,3.04,PE,1659929299
Rantepao,-2.9701,119.8978,77.43,73,90,3.71,ID,1659929299
Havre-St-Pierre,50.2334,-63.5986,59.36,58,0,11.5,CA,1659929300
Ozernovskiy,51.5,156.5167,57.2,89,86,3.8,RU,1659929244
Yar-Sale,66.8333,70.8333,74.84,54,0,11.18,RU,1659929300
Bubaque,11.2833,-15.8333,78.31,85,100,9.26,GW,1659929301
Zhigalovo,54.8097,105.1578,66.85,50,41,6.8,RU,1659929301
Price,39.5994,-110.8107,79.86,29,0,10.36,US,1659929302
Ossora,59.2353,163.0719,64.42,61,100,6.15,RU,1659929302
Aykhal,66.0,111.5,44.83,96,100,3.22,RU,1659929303
Zarubino,42.63,131.0922,79.65,73,13,7.85,RU,1659929303
Markala,13.7021,-6.0659,81.05,71,92,4.79,ML,1659929303
Makakilo City,21.3469,-158.0858,83.95,60,0,14.97,US,1659929068
Namatanai,-3.6667,152.4333,82.62,74,48,7.87,PG,1659929246
Micomeseng,2.1462,10.6164,67.33,97,96,2.62,GQ,1659929304
Agadez,19.75,10.25,91.74,18,48,12.19,NE,1659929305
Shebunino,46.4339,141.8603,68.99,97,100,15.05,RU,1659929305
Derzhavīnsk,51.1,66.3167,68.02,63,84,12.17,KZ,1659929306
Rørvik,64.8621,11.2373,51.21,75,20,4.38,NO,1659929306
Anloga,5.7947,0.8973,73.9,85,89,14.81,GH,1659929306
Verkhoyansk,67.5447,133.385,72.16,45,10,15.19,RU,1659929307
Yumen,40.2833,97.2,70.14,50,100,13.29,CN,1659929307
Longyearbyen,78.2186,15.6401,44.49,90,100,0.92,SJ,1659929308
Benguela,-12.5763,13.4055,65.61,87,72,1.41,AO,1659929308
Umluj,25.0213,37.2685,86.23,83,64,9.86,SA,1659929309
Halifax,44.6453,-63.5724,75.09,90,77,17.27,CA,1659929226
Douentza,14.9951,-2.9517,83.23,55,100,2.95,ML,1659929309
Carutapera,-1.195,-46.02,75.85,89,35,5.97,BR,1659929310
Shingū,33.7333,135.9833,88.0,69,44,10.4,JP,1659929289
Mar de Espanha,-21.8672,-43.0097,64.4,96,80,1.25,BR,1659929310
Flinders,-34.5833,150.8552,63.05,61,34,14.32,AU,1659929311
Leshukonskoye,64.8989,45.7622,57.52,73,100,6.22,RU,1659929311
Den Helder,52.9599,4.7593,62.58,90,100,1.99,NL,1659929312
El Salvador,13.8333,-88.9167,68.4,97,100,0.22,SV,1659929312
Puyang,29.4603,119.8861,92.5,52,5,5.41,CN,1659929312
Portobelo,9.55,-79.65,79.11,86,93,1.3,PA,1659929313
Imbituba,-28.24,-48.6703,62.85,99,100,7.0,BR,1659929313
Baykalovo,57.3981,63.7684,68.47,74,88,3.51,RU,1659929314
Arrondissement de Saint-Denis,48.9167,2.3333,64.15,65,0,10.36,FR,1659929314
Ambilobe,-13.2,49.05,59.67,89,5,3.58,MG,1659929315
Nantucket,41.2835,-70.0995,79.0,93,0,13.8,US,1659929315
Visby,57.6409,18.296,61.02,72,75,5.75,SE,1659929316
Klamath Falls,42.2249,-121.7817,85.91,21,0,9.22,US,1659929316
Sungai Penuh,-2.0833,101.3833,77.54,61,8,2.46,ID,1659929316
Lisala,2.15,21.5167,68.95,98,75,1.9,CD,1659929317
Ridgecrest,35.6225,-117.6709,98.46,20,0,5.75,US,1659929317
Udachny,66.4167,112.4,46.45,100,100,7.14,RU,1659929318
